"","idDisp","speed","at"
"1","ED39A59D8A8ACCF1A85288F7147F73FE543329F8",29.5302922910601,1444491822.634
"2","339E927BCBE1F287FCAF7CC784E25CE725110C93",18.1792720088255,1444657940.029
"3","7E28372090A4279D47A25CDD033AFD70CAC18B4E",26.2231425983877,1444722151.134
"4","038008DD5787B61DAF13FA7F6313B54BD41C53C2",61.8820961597271,1444727604.795
"5","28C0E30A6C8781DCA1611F7717E1FD2777D5BBBE",29.1481377743028,1445423659.707
"6","2B3FEA22822CE55BFBA03A8CAA750AB8BF8238BB",66.243335647177,1445631964.545
"7","E49D40FEF0E28DC328700851435BB9D3BD92A7B3",60.1579676493195,1446028723.733
"8","DA3E2F9A48D863EEB84043540270174DB5949FEF",51.9153699741943,1446440615.01
"9","DA38CC6A70FE97ED0C1D919B4BF9943DA32B3D66",55.6173246720173,1446483663.349
