"","idDisp","speed","at"
"1","C9A294913FF1391035516414915ED93358E5263E",24.3792522344609,1444657397.263
"2","2B68B0AD24E7D29DE8032C1671D79AC75D75C35D",5.05641292554957,1444754081.717
"3","16BA3D30D49BA450577C3AECDAA6E482D072C3FF",104.792384206229,1445125244.811
"4","B7B07876C1AD23C4498160901F855D387D8140E7",15.0062089369345,1445798545.665
