"","idDisp","speed","at"
"1","799D6CDE6FE21DD7E44ABBFF0325247C4719F1EF",11.2440884720451,1444917856.627
"2","9B7FDC23A75063F3C9233AA0D0200AC424CDF07C",12.017738844046,1445112628.157
"3","128114701A210587DE136DDFABE0CD79E5CE92F2",32.4963642414391,1445423844.697
"4","405D5A04712B06552E020826A684FA3960EFDA15",18.3074791511701,1445425749.444
"5","49D87A476605668DE2CBDD7CE1072E9F9FA51943",5.0890779283348,1445899234.237
"6","160D8274B66C3CD4102AD4ACD87183A7E7815DE9",10.9735308870911,1446317068.691
