"","idDisp","speed","at"
"1","C1E99D9979B37D3931D4F2812A9D152448B26B26",77.6488657299431,1444994131.959
"2","FCB87AD823B5CFD70A99C8F61AA7D3B4F5E14963",75.1726937833267,1445589739.828
"3","9B30AEFF67C456ECD9518F5C03C3A42386B057BF",18.3811009651804,1445966836.346
"4","E85643FC4FBEA8901D3FC54DA41BB6FE7AA16F80",80.2170162275589,1446144237.395
"5","619E518BC6B934791089B2D8DA5B909C6B11AA6F",120.529127485079,1446474859.732
